ID,LICENSE ID,ACCOUNT NUMBER,SITE NUMBER,LEGAL NAME,DOING BUSINESS AS NAME,ADDRESS,CITY,STATE,ZIP CODE,WARD,PRECINCT,WARD PRECINCT,POLICE DISTRICT,LICENSE CODE,LICENSE DESCRIPTION,BUSINESS ACTIVITY ID,BUSINESS ACTIVITY,LICENSE NUMBER,APPLICATION TYPE,APPLICATION CREATED DATE,APPLICATION REQUIREMENTS COMPLETE,PAYMENT DATE,CONDITIONAL APPROVAL,LICENSE TERM START DATE,LICENSE TERM EXPIRATION DATE,LICENSE APPROVED FOR ISSUANCE,DATE ISSUED,LICENSE STATUS,LICENSE STATUS CHANGE DATE,SSA,LATITUDE,LONGITUDE,LOCATION
2321258-20160516,2456935,389616,1,MARIO PARKER,SCRUB BUSTERS CAR WASH,5315 W LAKE ST,CHICAGO,IL,60644,37,16,37-16,15,1010,Limited Business License,930,Hand Car Wash,2321258,RENEW,,3/15/2016,9/2/2016,N,5/16/2016,5/15/2018,9/2/2016,9/2/2016,AAI,,,41.88721474,-87.75847144,"(41.88721473824327, -87.75847143687251)"
39496-20161116,2489242,15826,1,AMOCO & FOOD SHOP #1 INC,SHELL,1768 W ARMITAGE AVE 1ST,CHICAGO,IL,60622,32,34,32-34,14,1275,Filling Station,666 | 627,Operation of a Fuel Filling Station | Car Wash,39496,RENEW,,9/15/2016,9/24/2016,N,11/16/2016,11/15/2018,9/24/2016,9/26/2016,AAI,,,41.91796074,-87.67270437,"(41.91796074174603, -87.67270436980655)"
1425950-20161116,2490061,211528,3,ARRP PAVING  & TRUCKING CO.,ZIPS CAR WASH,615 N OGDEN AVE,CHICAGO,IL,60642,27,53,27-53,12,1010,Limited Business License,930,Hand Car Wash,1425950,RENEW,,9/15/2016,9/23/2016,N,11/16/2016,11/15/2018,9/23/2016,9/26/2016,AAI,,,41.89303833,-87.65714968,"(41.89303832703819, -87.6571496818062)"
2385347-20160816,2492601,38394,4,WEST OAK INC,WEST OAK AUTO BODY AND SPA,3300-3324 W CERMAK RD 1ST B,CHICAGO,IL,60623,24,44,24-44,10,8340,Motor Vehicle Services License,627 | 711,Car Wash | Motor Vehicle Repair - Engine and Body Work,2385347,RENEW,,9/28/2016,9/28/2016,N,8/16/2016,8/15/2018,9/28/2016,9/28/2016,AAI,,,41.85184565,-87.70775101,"(41.85184564906591, -87.70775100596494)"
13585-20161016,2484977,51422,1,WILLIE C CORODINE,CARODINE HAND CAR WASH,5629 S WENTWORTH AVE 1ST,CHICAGO,IL,60621,3,36,Mar-36,2,1010,Limited Business License,930,Hand Car Wash,13585,RENEW,,8/15/2016,9/29/2016,N,10/16/2016,10/15/2018,9/29/2016,9/30/2016,AAI,,,41.79180949,-87.63028184,"(41.791809493513306, -87.63028183643007)"
2492337-20161011,2492337,408782,1,"PERSHING ROAD EXPRESS, LLC",PERSHING ROAD EXPRESS,3900 S WALLACE ST 1ST,CHICAGO,IL,60609,11,35,Nov-35,9,1010,Limited Business License,930,Hand Car Wash,2492337,ISSUE,9/22/2016,10/11/2016,10/11/2016,N,10/11/2016,10/15/2018,10/11/2016,10/11/2016,AAI,,13,41.82343237,-87.64120789,"(41.82343237000796, -87.64120788887341)"
2493153-20161012,2493153,410288,2,5410 BELMONT LLC,5410 BELMONT,5400-5410 W BELMONT AVE 1,CHICAGO,IL,60641,30,6,30-6,16,8340,Motor Vehicle Services License,627 | 712,Car Wash | Motor Vehicle Repair - Engine and Transmission Work,2493153,ISSUE,10/12/2016,10/12/2016,10/12/2016,N,10/12/2016,10/15/2018,10/12/2016,10/12/2016,AAI,,2,41.93874656,-87.76165949,"(41.93874655576245, -87.76165948961865)"
2348513-20161116,2491560,392033,1,"ROOSEVELT FOODS, INC.",ROOSEVELT WESTERN SHELL,2401 W ROOSEVELT RD 1ST,CHICAGO,IL,60608,28,52,28-52,10,1006,Retail Food Establishment,627 | 775 | 736,"Car Wash | Retail Sales of Perishable Foods | Preparation of Food, Coffee or Drinks",2348513,RENEW,,9/15/2016,10/24/2016,N,11/16/2016,11/15/2018,10/24/2016,10/25/2016,AAI,,,41.86650119,-87.6861576,"(41.86650119103645, -87.68615759902146)"
2364246-20161116,2491973,394704,1,RAINBOW TRUCK WASH INC.,RAINBOW TRUCK WASH INC.,2317 W 18TH ST,CHICAGO,IL,60608,25,9,25-9,12,8340,Motor Vehicle Services License,627 | 711,Car Wash | Motor Vehicle Repair - Engine and Body Work,2364246,RENEW,,9/15/2016,11/14/2016,N,11/16/2016,11/15/2018,11/14/2016,11/14/2016,AAI,,,41.85744781,-87.68408424,"(41.85744780542004, -87.68408424446382)"
2496685-20161116,2496685,411421,1,"VNK PEARL AUTO SPA, INC.",PEARL AUTO SPA,3043-3049 W IRVING PARK RD,CHICAGO,IL,60618,33,6,33-6,17,1010,Limited Business License,793 | 930,Sales / Rental / Lease of Motorized Vehicles | Hand Car Wash,2496685,ISSUE,11/7/2016,11/15/2016,11/16/2016,N,11/16/2016,12/15/2018,11/16/2016,11/16/2016,AAI,,60,41.95382968,-87.70488388,"(41.95382968101983, -87.70488388101548)"
2363468-20161116,2491861,394427,1,7701XPRESS INC.,XPRESS CARWASH,7701-7709 S STATE ST 1ST,CHICAGO,IL,60619,6,8,8-Jun,6,1010,Limited Business License,930,Hand Car Wash,2363468,RENEW,,9/15/2016,11/22/2016,N,11/16/2016,11/15/2018,11/22/2016,11/22/2016,AAI,,,41.75450431,-87.62449585,"(41.754504307392594, -87.62449585083768)"
2501056-20161201,2501056,411778,1,THE GRAND CAR WASH LLC,THE GRAND CAR WASH LLC,6747 W GRAND AVE,CHICAGO,IL,,36,3,36-3,25,1010,Limited Business License,627,Car Wash,2501056,ISSUE,11/23/2016,12/1/2016,12/1/2016,N,12/1/2016,12/15/2018,12/1/2016,12/1/2016,AAI,,,41.92349658,-87.79431323,"(41.923496576154704, -87.79431322496002)"
2220025-20170116,2500219,377989,1,"GLITZ CAR WASH ON AUGUSTA, INC.",GLITZ CAR WASH,2509-2511 W AUGUSTA BLVD 1,CHICAGO,IL,60622,26,1,26-1,12,1010,Limited Business License,627,Car Wash,2220025,RENEW,,11/15/2016,12/1/2016,N,1/16/2017,1/15/2019,12/1/2016,12/2/2016,AAI,,,41.89924058,-87.68982359,"(41.89924057579587, -87.68982358629273)"
2362989-20161216,2495391,394232,1,"ROOSEVELT FOOD MART, INC.",BELMONT SHELL,3001 W BELMONT AVE GROUND,CHICAGO,IL,60618,33,13,33-13,14,1006,Retail Food Establishment,627 | 767 | 736,"Car Wash | Retail Sales of General Merchandise and Non-Perishable Food | Preparation of Food, Coffee or Drinks",2362989,RENEW,,10/15/2016,11/30/2016,N,12/16/2016,12/15/2018,11/30/2016,12/9/2016,AAI,,,41.93925335,-87.70278523,"(41.939253344724186, -87.70278523303574)"
2501639-20161212,2501639,412116,1,CCW CHICAGO INC.,ULTRA SHINE HAND CAR WASH,4556-4558 N ELSTON AVE,CHICAGO,IL,60630,39,14,39-14,17,1010,Limited Business License,930,Hand Car Wash,2501639,ISSUE,12/12/2016,12/12/2016,12/12/2016,N,12/12/2016,12/15/2018,12/12/2016,12/12/2016,AAI,,,41.96364391,-87.73385516,"(41.963643911636986, -87.73385516219138)"
2501217-20161213,2501217,411860,1,KLEEN HAND CARWASH LLC,KLEEN HAND CARWASH LLC,4700 W NORTH AVE 1,CHICAGO,IL,60639,37,2,37-2,25,1010,Limited Business License,930,Hand Car Wash,2501217,ISSUE,11/30/2016,12/13/2016,12/13/2016,N,12/13/2016,12/15/2018,12/13/2016,12/13/2016,AAI,,,41.9097611,-87.74365444,"(41.909761095567234, -87.7436544424704)"
1577021-20170116,2497980,21898,2,"HI TECH AUTO GROUP, INC.",AAAA CAR WASH,4919 W DIVERSEY AVE,CHICAGO,IL,60639,31,19,31-19,25,1010,Limited Business License,930,Hand Car Wash,1577021,RENEW,,11/15/2016,1/4/2017,N,1/16/2017,1/15/2019,1/4/2017,1/5/2017,AAI,,,41.93137969,-87.74985995,"(41.931379687199865, -87.7498599522381)"
2373739-20170116,2500434,395417,1,MILWAUKEE KI SAWAARI INC.,SPLASH HAND CAR WASH,5108-5120 N MILWAUKEE AVE,CHICAGO,IL,60630,45,8,45-8,16,1010,Limited Business License,930,Hand Car Wash,2373739,RENEW,,11/15/2016,1/5/2017,N,1/16/2017,1/15/2019,1/5/2017,1/6/2017,AAI,,,41.97313401,-87.76564184,"(41.97313401405755, -87.76564184414796)"
2374120-20170116,2500521,395596,1,"T&T CAR SALES AND HAND CAR WASH, INC.",T&T CAR SALES AND HAND CAR WASH,8534 - 8548 S SOUTH CHICAGO AVE 1ST,CHICAGO,IL,60617,8,25,25-Aug,4,1010,Limited Business License,930 | 793,Hand Car Wash | Sales / Rental / Lease of Motorized Vehicles,2374120,RENEW,,11/15/2016,1/12/2017,N,1/16/2017,1/15/2019,1/12/2017,1/12/2017,AAI,,50,41.74000651,-87.56981875,"(41.74000650858513, -87.56981875277918)"
2373948-20170116,2500469,395497,1,"NEW IMAGE HAND CAR WASH & DETAIL, INC.","NEW IMAGE HAND CAR WASH & DETAIL, INC.",5151 W GRAND AVE 1ST,CHICAGO,IL,60639,36,,36-,,1010,Limited Business License,930 | 767,Hand Car Wash | Retail Sales of General Merchandise and Non-Perishable Food,2373948,RENEW,,11/15/2016,1/26/2017,N,1/16/2017,1/15/2019,1/26/2017,1/27/2017,AAI,,,41.91676285,-87.75491332,"(41.91676284485928, -87.75491332239154)"
2500907-20170125,2500907,411723,1,CHICAGO HAND CAR WASH CORP.,CHICAGO HAND CAR WASH,3010-3012 N PULASKI RD 1,CHICAGO,IL,60641,31,4,31-4,25,1010,Limited Business License,930,Hand Car Wash,2500907,ISSUE,11/21/2016,1/25/2017,1/25/2017,N,1/25/2017,2/15/2019,1/25/2017,1/25/2017,AAI,,,41.93575104,-87.7272353,"(41.935751042496676, -87.72723529483893)"
2506552-20170127,2506552,412563,1,RAYS WASH AND SPA INC.,SUPERIOR HAND CAR WASH,3100-3104 N HARLEM AVE 1,CHICAGO,IL,60634,29,35,29-35,25,1010,Limited Business License,930 | 767,Hand Car Wash | Retail Sales of General Merchandise and Non-Perishable Food,2506552,ISSUE,1/4/2017,1/26/2017,1/27/2017,N,1/27/2017,2/15/2019,1/27/2017,1/27/2017,AAI,,,41.93644232,-87.80684109,"(41.93644231661444, -87.80684108683091)"
2349460-20160816,2475584,392402,1,"METRO CLEAN RIDE, LLC","METRO CLEAN RIDE, LLC",3300-3324 W 51ST ST 1ST,CHICAGO,IL,60632,14,34,14-34,8,1010,Limited Business License,904 | 627,Retail Sales of General Merchandise | Car Wash,2349460,RENEW,,6/15/2016,1/27/2017,N,8/16/2016,8/15/2018,1/27/2017,1/27/2017,AAI,,,41.80089619,-87.70627521,"(41.800896187689105, -87.70627521170046)"
2368176-20170216,2505498,394837,1,"P & B HAND CAR WASH, INC.",P & B HAND CAR WASH,125 E 115TH ST 1,CHICAGO,IL,60628,9,28,28-Sep,5,1010,Limited Business License,930,Hand Car Wash,2368176,RENEW,,12/15/2016,2/6/2017,N,2/16/2017,2/15/2019,2/6/2017,2/7/2017,AAI,,40,41.6852445,-87.61976292,"(41.685244500211425, -87.61976292323057)"
2517080-20170227,2517080,414342,1,TURO LLC,TURO LLC,5358 N CUMBERLAND AVE 3RD 307,CHICAGO,IL,60656,41,48,41-48,16,4404,Regulated Business License,867,"Window Washer, Vehicle Washer (Home Occ)",2517080,ISSUE,2/27/2017,2/27/2017,2/27/2017,N,2/27/2017,3/15/2019,2/27/2017,2/27/2017,AAI,,,41.97723037,-87.83675824,"(41.97723036645377, -87.83675823853622)"
2380207-20170316,2510318,396410,1,MJD VENTURES LLC,BP,4435-4459 S ASHLAND AVE 1ST,CHICAGO,IL,60609,11,30,30-Nov,9,1006,Retail Food Establishment,775 | 767 | 736 | 627,"Retail Sales of Perishable Foods | Retail Sales of General Merchandise and Non-Perishable Food | Preparation of Food, Coffee or Drinks | Car Wash",2380207,RENEW,,1/15/2017,3/14/2017,N,3/16/2017,3/15/2019,3/14/2017,3/15/2017,AAI,,13,41.81300076,-87.66493609,"(41.813000762901794, -87.66493608625039)"
2506068-20170315,2506068,412288,1,"SIYARAM ENTERPRISES, INC.",SHELL GAS STATION,2814-2824 W IRVING PARK RD 1ST,CHICAGO,IL,60618,33,25,33-25,17,1006,Retail Food Establishment,904 | 767 | 627 | 736,"Retail Sales of General Merchandise | Retail Sales of General Merchandise and Non-Perishable Food | Car Wash | Preparation of Food, Coffee or Drinks",2506068,ISSUE,12/19/2016,1/17/2017,1/17/2017,N,3/15/2017,3/15/2019,2/24/2017,3/15/2017,AAI,,,41.95408007,-87.6988954,"(41.95408006792635, -87.69889539836655)"
29472-20170316,2507695,53415,1,VERNON SOBIESKI,SPIRRIT OF AMERICA CAR WASH,5115 W 63RD ST  1,CHICAGO,IL,60638,13,27,13-27,8,1010,Limited Business License,930,Hand Car Wash,29472,RENEW,,1/15/2017,6/26/2017,N,3/16/2017,3/15/2019,6/26/2017,6/27/2017,AAI,,,41.77816516,-87.75026446,"(41.77816516217897, -87.75026445616369)"
2523128-20170406,2523128,415519,1,Best Value Construction & More Inc.,Best Value Construction & More Inc.,4856 W HENDERSON ST  1,CHICAGO,IL,60641,31,,31-,,4404,Regulated Business License,733 | 812 | 690 | 758 | 752,Power-Washing Service (Home Occ) | Snow Removal Service (Home Occ) | Landscaping (Home Occ) | Residential Remodeling and Repair (Home Occ) | Residential Cleaning (Home Occ),2523128,ISSUE,4/5/2017,4/5/2017,4/5/2017,N,4/6/2017,4/15/2019,4/5/2017,4/6/2017,AAI,,,41.94164345,-87.74921942,"(41.94164345355342, -87.74921942216652)"
1304287-20170416,2512201,4191,4,WE'LL CLEAN INCORPORATED,WE'LL CLEAN,2261 N CLYBOURN AVE,CHICAGO,IL,60614,2,37,Feb-37,18,1010,Limited Business License,930,Hand Car Wash,1304287,RENEW,,2/15/2017,4/6/2017,N,4/16/2017,4/15/2019,4/6/2017,4/7/2017,AAI,,,41.92290726,-87.66598682,"(41.92290726068692, -87.66598681460303)"
2293898-20170316,2523394,351012,2,NORTHWEST 1 TRUCKING INC.,NORTHWEST 1 TRUCKING AND METAL RECYCLING,3200 S KEDZIE AVE 1ST,CHICAGO,IL,60623,22,15,22-15,10,1010,Limited Business License,930 | 602,Hand Car Wash | Administrative Commercial Office,2293898,RENEW,,4/10/2017,4/10/2017,N,3/16/2017,3/15/2019,4/10/2017,4/11/2017,AAI,,,41.83517807,-87.70490856,"(41.83517807083239, -87.70490856262688)"
2523557-20170412,2523557,414760,1,ELITE HAND CAR WASH & REPAIR LLC,ELITE HAND CAR WASH & REPAIR,2429 W IRVING PARK RD 1,CHICAGO,IL,60618,47,9,47-9,19,1010,Limited Business License,930,Hand Car Wash,2523557,ISSUE,4/11/2017,4/12/2017,4/12/2017,N,4/12/2017,4/15/2019,4/12/2017,4/12/2017,AAI,,38,41.95388566,-87.68963013,"(41.95388566221727, -87.68963012874985)"
2385724-20170416,2516122,396754,1,"XPRESS HAND CAR WASH, INC.","XPRESS HAND CAR WASH, INC.",5812-5820 S STATE ST,CHICAGO,IL,60621,20,12,20-12,2,1010,Limited Business License,930 | 904,Hand Car Wash | Retail Sales of General Merchandise,2385724,RENEW,,2/15/2017,4/14/2017,N,4/16/2017,4/15/2019,4/14/2017,4/14/2017,AAI,,,41.78875409,-87.62569791,"(41.7887540849806, -87.62569790481167)"
2528460-20170421,2528460,415369,1,"NATE'S ENTERPRISE, LLC",HOOD GUYZ,6540 S KEDVALE AVE 1ST,CHICAGO,IL,60629,13,39,13-39,8,4404,Regulated Business License,733,Power-Washing Service (Home Occ),2528460,ISSUE,4/21/2017,4/21/2017,4/21/2017,N,4/21/2017,5/15/2019,4/21/2017,4/21/2017,AAI,,,41.77374456,-87.72644224,"(41.773744558889554, -87.72644223912918)"
1330505-20170516,2519593,257446,1,HOLLYWOOD AUTO SPA LLC,HOLLYWOOD AUTO SPA LLC,5806 W ROOSEVELT RD,CHICAGO,IL,60644,29,34,29-34,15,1010,Limited Business License,930,Hand Car Wash,1330505,RENEW,,3/15/2017,4/23/2017,N,5/16/2017,5/15/2019,4/23/2017,4/24/2017,AAI,,,41.86563388,-87.76955399,"(41.86563388414599, -87.76955398692914)"
2245680-20170616,2526968,379723,1,RUBY HAND CAR WASH LLC,"RUBY HAND CAR WASH, LLC",4334 N CALIFORNIA AVE 1 1,CHICAGO,IL,60618,33,23,33-23,17,1010,Limited Business License,627,Car Wash,2245680,RENEW,,4/15/2017,5/10/2017,N,6/16/2017,6/15/2019,5/10/2017,5/11/2017,AAI,,60,41.9604706,-87.69858695,"(41.96047059710681, -87.69858695347021)"
2391947-20170516,2518750,45103,2,GERALD C FRANCIS JR,FRESH N CLEAN HAND CAR WASH,6640 S ASHLAND AVE,CHICAGO,IL,60636,15,34,15-34,7,1010,Limited Business License,930,Hand Car Wash,2391947,RENEW,,3/15/2017,5/15/2017,N,5/16/2017,5/15/2019,5/15/2017,5/16/2017,AAI,,,41.77278952,-87.66418572,"(41.77278952246214, -87.66418572244856)"
2215305-20170416,2515276,361276,1,GATEWAY AUTO DETAIL INC.,GATEWAY AUTO DETAIL INC.,1304-1308 W RANDOLPH ST 1,CHICAGO,IL,60607,27,33,27-33,12,8340,Motor Vehicle Services License,712 | 627,Motor Vehicle Repair - Engine and Transmission Work | Car Wash,2215305,RENEW,,2/15/2017,5/15/2017,N,4/16/2017,4/15/2019,5/15/2017,5/16/2017,AAI,,,41.8843188,-87.65907604,"(41.88431879837384, -87.65907603537103)"
2536498-20170608,2536498,417654,1,"FFGI & KDS, LLC",AQUA CLEAN HAND CARWASH,7811 S WESTERN AVE 1,CHICAGO,IL,60620,18,8,18-8,8,1010,Limited Business License,930,Hand Car Wash,2536498,ISSUE,6/8/2017,6/8/2017,6/8/2017,N,6/8/2017,6/15/2019,6/8/2017,6/8/2017,AAI,,,41.75156144,-87.68274019,"(41.75156143577407, -87.682740186236)"
2536663-20170613,2536663,417732,1,SAMURAI CLEANING PROFESSIONALS INC,SAMURAI CLEANING PROFESSIONALS INC,7843 S CHRISTIANA AVE 1ST,CHICAGO,IL,60652,18,31,18-31,8,4404,Regulated Business License,752 | 867,"Residential Cleaning (Home Occ) | Window Washer, Vehicle Washer (Home Occ)",2536663,ISSUE,6/13/2017,6/13/2017,6/13/2017,N,6/13/2017,6/15/2019,6/13/2017,6/13/2017,AAI,,,41.75033954,-87.70591895,"(41.75033953922925, -87.70591894713031)"
1043593-20170616,2525197,202220,1,EZEQUIEL GONZALES,SUPERIOR HAND CAR WASH,4929 S PULASKI RD,CHICAGO,IL,60632,14,27,14-27,8,1010,Limited Business License,930,Hand Car Wash,1043593,RENEW,,4/15/2017,6/16/2017,N,6/16/2017,6/15/2019,6/16/2017,6/19/2017,AAI,,39,41.8032649,-87.72330351,"(41.80326489471, -87.72330350914287)"
2542631-20170706,2542631,417987,1,QUALITY CAR SERVICE 1 INC.,QUALITY CAR SERVICE,3451-3455 W OGDEN AVE,CHICAGO,IL,60623,24,9,24-9,10,8340,Motor Vehicle Services License,627 | 712,Car Wash | Motor Vehicle Repair - Engine and Transmission Work,2542631,ISSUE,6/30/2017,7/6/2017,7/6/2017,N,7/6/2017,7/15/2019,7/6/2017,7/6/2017,AAI,,,41.855385,-87.71207394,"(41.855385001716094, -87.71207393771986)"
2363228-20170816,2537797,37506,2,SUPER SPRAY CAR WASH INC,SUPER SPRAY CAR WASH,5949 N RIDGE AVE 1ST,CHICAGO,IL,60660,40,22,40-22,20,1010,Limited Business License,627,Car Wash,2363228,RENEW,,6/15/2017,7/10/2017,N,8/16/2017,8/15/2019,7/10/2017,7/11/2017,AAI,,,41.98990057,-87.67012661,"(41.98990056495732, -87.67012660470843)"
2278251-20170816,2540722,383661,1,CHICAGO GW INVESTMENT INC.,WHITE GLOVE CAR WASH,1415-1431 W SHAKESPEARE AVE,CHICAGO,IL,60614,2,37,Feb-37,18,1010,Limited Business License,627,Car Wash,2278251,RENEW,,6/15/2017,7/19/2017,N,8/16/2017,8/15/2019,7/19/2017,7/19/2017,AAI,,,41.92062525,-87.66383494,"(41.920625253097825, -87.66383493774624)"
2523134-20170907,2523134,415520,1,T FAULKNER INVESTMENTS LLC,POWER BLAST,11917-11921 S HALSTED ST 1ST,CHICAGO,IL,60628,34,16,34-16,5,1010,Limited Business License,930,Hand Car Wash,2523134,ISSUE,4/5/2017,9/7/2017,9/7/2017,N,9/7/2017,9/15/2019,9/7/2017,9/7/2017,AAI,,,41.67727405,-87.64174396,"(41.67727405410531, -87.64174396441503)"
2555564-20170907,2555564,421084,1,PHANIQUE N. WALLS-BARBER,TOP OF DA LINE AUTO DETAILING,6606-6610 S WESTERN AVE,CHICAGO,IL,60636,16,11,16-11,8,1010,Limited Business License,930,Hand Car Wash,2555564,ISSUE,9/5/2017,9/7/2017,9/7/2017,N,9/7/2017,9/15/2019,9/7/2017,9/7/2017,AAI,,,41.77352273,-87.68363261,"(41.77352272573725, -87.6836326133468)"
2278634-20170916,2547520,383814,1,"GARFIELD MOBIL, INC.",GARFIELD SUPER SAVE,48 E GARFIELD BLVD 1ST,CHICAGO,IL,60615,3,26,26-Mar,2,1006,Retail Food Establishment,775 | 627,Retail Sales of Perishable Foods | Car Wash,2278634,RENEW,,7/15/2017,9/19/2017,N,9/16/2017,9/15/2019,9/19/2017,9/20/2017,AAI,,,41.79477723,-87.62391935,"(41.794777232849405, -87.62391935385449)"
2559780-20170922,2559780,421642,1,"THE NEW HOT SPOT, INC.","THE NEW HOT SPOT, INC.",2110 - 2114 W CERMAK RD 1ST,CHICAGO,IL,60608,25,8,25-8,12,8340,Motor Vehicle Services License,627 | 712,Car Wash | Motor Vehicle Repair - Engine and Transmission Work,2559780,ISSUE,9/21/2017,9/22/2017,9/22/2017,N,9/22/2017,10/15/2019,9/22/2017,9/22/2017,AAI,,,41.85223966,-87.67879831,"(41.85223965956044, -87.67879831125605)"
2380133-20170316,2510307,396380,1,WEBSTER CAR WASH LLC,Fast Eddie's Hand Car Wash and Detail Center,1828 W WEBSTER AVE 1ST,CHICAGO,IL,60614,32,34,32-34,14,1010,Limited Business License,930,Hand Car Wash,2380133,RENEW,,1/15/2017,2/7/2017,N,3/16/2017,3/15/2019,2/7/2017,2/8/2017,AAI,,,41.92156807,-87.67390301,"(41.92156807351966, -87.67390300769952)"
2560485-20171004,2560485,422047,1,HARRISON STREET DETAIL INC.,LITTLE DEETAILING AUTO SPA,2855 W HARRISON ST 1ST,CHICAGO,IL,60612,28,41,28-41,11,1010,Limited Business License,904 | 930,Retail Sales of General Merchandise | Hand Car Wash,2560485,ISSUE,10/3/2017,10/4/2017,10/4/2017,N,10/4/2017,10/15/2019,10/4/2017,10/4/2017,AAI,,,41.87366562,-87.69827769,"(41.87366562211662, -87.69827768542069)"
2428209-20171116,2559066,401485,1,"SMASHY HAND CAR WASH, INC.","SMASHY HAND CAR WASH, INC.",5006 N CLARK ST 1,CHICAGO,IL,60640,47,21,47-21,20,8340,Motor Vehicle Services License,930 | 711,Hand Car Wash | Motor Vehicle Repair - Engine and Body Work,2428209,RENEW,,9/15/2017,10/6/2017,N,11/16/2017,11/15/2019,10/6/2017,10/10/2017,AAI,,22,41.97273497,-87.66809767,"(41.972734968304316, -87.6680976739637)"
2560819-20171020,2560819,422245,1,A. D. KENWOOD COMPANY,THE EXPRESS CAR WASH,4852 S ARCHER AVE,CHICAGO,IL,60632,14,,14-,,1010,Limited Business License,627,Car Wash,2560819,ISSUE,10/11/2017,10/11/2017,10/19/2017,N,10/20/2017,11/15/2019,10/19/2017,10/20/2017,AAI,,39,41.80512976,-87.71907292,"(41.805129754826595, -87.71907291660933)"
2411229-20170716,2534470,399280,1,NEW PARADISE CAR WASH CORP.,NEW PARADISE CAR WASH,62-72 E 63RD ST,CHICAGO,IL,60637,20,23,20-23,3,1010,Limited Business License,930,Hand Car Wash,2411229,RENEW,,5/15/2017,7/27/2017,N,7/16/2017,7/15/2019,7/27/2017,7/28/2017,AAI,,,41.78012877,-87.6229511,"(41.780128773402794, -87.62295110049783)"
2284165-20170916,2547694,384693,1,CLEAR WASH INC.,WINDY CITY HAND CAR WASH-NORTH AVE.,2524 W NORTH AVE,CHICAGO,IL,60647,1,27,27-Jan,14,1010,Limited Business License,627,Car Wash,2284165,RENEW,,7/15/2017,7/31/2017,N,9/16/2017,9/15/2019,7/31/2017,8/1/2017,AAI,,,41.91039213,-87.69068436,"(41.910392124867855, -87.69068435733651)"
2522745-20170802,2522745,415248,1,KINGSBURY AUTO SPA INC.,LA MICHOACANA,1240 N HALSTED ST,CHICAGO,IL,60642,27,46,27-46,18,1010,Limited Business License,767 | 930,Retail Sales of General Merchandise and Non-Perishable Food | Hand Car Wash,2522745,ISSUE,3/28/2017,8/2/2017,8/2/2017,N,8/2/2017,8/15/2019,8/2/2017,8/2/2017,AAI,,,41.90470696,-87.64827037,"(41.904706963144406, -87.64827036474287)"
2464905-20170916,2547731,384841,2,"LIQUID NSB, LLC",CAR CARE AUTO SPA,3616-3618 N CICERO AVE 1ST,CHICAGO,IL,60641,30,31,30-31,16,1010,Limited Business License,930,Hand Car Wash,2464905,RENEW,,7/15/2017,8/5/2017,N,9/16/2017,9/15/2019,8/5/2017,8/7/2017,AAI,,,41.9466673,-87.74724407,"(41.94666730212188, -87.74724406605621)"
1970480-20170816,2539289,319554,2,"AA TEMPO AUTO, INC.","AA TEMPO AUTO, INC.",3429-3431 N PULASKI RD 1ST,CHICAGO,IL,60641,30,8,30-8,17,1010,Limited Business License,930,Hand Car Wash,1970480,RENEW,,6/15/2017,8/4/2017,N,8/16/2017,8/15/2019,8/4/2017,8/7/2017,AAI,,,41.9436315,-87.7271727,"(41.94363149655872, -87.72717269765816)"
2433148-20171216,2563220,402490,1,"WC WASH INC.,",WINDY CITY HAND CAR WASH - FULLERTON,3265 W FULLERTON AVE GRD,CHICAGO,IL,60647,32,34,32-34,14,1010,Limited Business License,930 | 767,Hand Car Wash | Retail Sales of General Merchandise and Non-Perishable Food,2433148,RENEW,,10/15/2017,11/8/2017,N,12/16/2017,12/15/2019,11/8/2017,11/9/2017,AAI,,,,,
2565169-20171114,2565169,423116,1,"VICTORY LANE CAR WASH , INC.",VICTORY LANE CAR WASH,825 S WESTERN AVE 1,CHICAGO,IL,60612,28,4,28-4,12,1010,Limited Business License,627,Car Wash,2565169,ISSUE,11/14/2017,11/14/2017,11/14/2017,N,11/14/2017,11/15/2019,11/14/2017,11/14/2017,AAI,,,41.87060434,-87.68600198,"(41.87060433864966, -87.68600198114964)"
2560039-20171114,2560039,421788,1,"GRAND FUEL MART, INC.","GRAND FUEL MART, INC. / CITGO GAS & MINI MART",1343-1355 N PULASKI RD 1ST,CHICAGO,IL,60651,26,4,26-4,25,1006,Retail Food Establishment,627 | 767 | 775,Car Wash | Retail Sales of General Merchandise and Non-Perishable Food | Retail Sales of Perishable Foods,2560039,ISSUE,9/26/2017,10/30/2017,10/31/2017,N,11/14/2017,11/15/2019,11/8/2017,11/14/2017,AAI,,,41.90572618,-87.7262491,"(41.90572617638187, -87.72624910351828)"
2569135-20171116,2569135,423150,1,JULIAN COLLINS,JC ENTERPRISE,5319 W POTOMAC AVE 1ST,CHICAGO,IL,60651,37,7,37-7,25,4404,Regulated Business License,674 | 733,Home Repair Services (Home Occ) | Power-Washing Service (Home Occ),2569135,ISSUE,11/15/2017,11/16/2017,11/16/2017,N,11/16/2017,12/15/2019,11/16/2017,11/16/2017,AAI,,,41.90391465,-87.75908313,"(41.90391465209169, -87.75908313105484)"
2293778-20171216,2562897,386096,1,CAR WASH KI SAWAARI INC.,STONEY ISLAND HAND CAR WASH,7211 S STONY ISLAND AVE,CHICAGO,IL,60649,7,49,Jul-49,3,1010,Limited Business License,627,Car Wash,2293778,RENEW,,10/15/2017,11/28/2017,N,12/16/2017,12/15/2019,11/28/2017,11/29/2017,AAI,,42,41.7639,-87.58571919,"(41.763900003298495, -87.58571918644691)"
2523541-20171026,2523541,415740,1,"7601 FUEL & MINI MART, INC.",FALCON FUEL/BP,7603-7643 S SOUTH CHICAGO AVE 1ST,CHICAGO,IL,60619,5,12,12-May,4,1275,Filling Station,930 | 666,Hand Car Wash | Operation of a Fuel Filling Station,2523541,ISSUE,4/11/2017,4/18/2017,5/2/2017,N,10/26/2017,6/15/2019,5/17/2017,5/17/2017,AAI,,,41.75685584,-87.59281417,"(41.75685583480461, -87.5928141734443)"
2429075-20171116,2556808,37931,2,WASH EXPRESS INC.,WASH EXPRESS INC.,3535 - 3537 W NORTH AVE 1,CHICAGO,IL,60647,26,18,26-18,14,1010,Limited Business License,930,Hand Car Wash,2429075,RENEW,,9/15/2017,11/12/2017,N,11/16/2017,11/15/2019,11/12/2017,12/8/2017,AAI,,,41.90989492,-87.71581479,"(41.90989491707392, -87.71581478770516)"
1332994-20180116,2567563,258560,1,"LOOKIN' GOOD HAND CAR WASH, INC.",LOOKING GOOD HAND CAR WASH INC.,3540 S HALSTED ST,CHICAGO,IL,60609,11,25,25-Nov,9,1010,Limited Business License,930,Hand Car Wash,1332994,RENEW,,11/15/2017,12/31/2017,N,1/16/2018,1/15/2020,12/31/2017,1/2/2018,AAI,,,41.82955953,-87.6462264,"(41.82955952862155, -87.64622640369531)"
2464953-20180216,2571610,248683,9,"FLETCHER JONES OF CHICAGO, LTD.,  LLC.",MERCEDES BENZ OF CHICAGO,949 N ELSTON AVE 1-4,CHICAGO,IL,60642,27,50,27-50,12,8340,Motor Vehicle Services License,818 | 792 | 779 | 712 | 711 | 627,"Storage or Use of Hazardous Materials (MVR) | Sale of Vehicle Parts and Accessories | Sale and Storage of Tires, 100 - 1000 | Motor Vehicle Repair - Engine and Transmission Work | Motor Vehicle Repair - Engine and Body Work | Car Wash",2464953,RENEW,,12/15/2017,1/2/2018,N,2/16/2018,2/15/2020,1/2/2018,1/3/2018,AAI,,,41.89974387,-87.65649546,"(41.899743867626114, -87.65649545751845)"
2464949-20180216,2571602,248679,2,"FLETCHER JONES MIDWEST AUTOMOTIVE, LTD. LLC",FLETCHER JONES AUDI,949 N ELSTON AVE,CHICAGO,IL,60642,27,50,27-50,12,8340,Motor Vehicle Services License,818 | 792 | 779 | 712 | 711 | 627,"Storage or Use of Hazardous Materials (MVR) | Sale of Vehicle Parts and Accessories | Sale and Storage of Tires, 100 - 1000 | Motor Vehicle Repair - Engine and Transmission Work | Motor Vehicle Repair - Engine and Body Work | Car Wash",2464949,RENEW,,12/15/2017,1/2/2018,N,2/16/2018,2/15/2020,1/2/2018,1/3/2018,AAI,,,41.89974387,-87.65649546,"(41.899743867626114, -87.65649545751845)"
2443237-20180216,2574151,403490,1,"NORWOOD PARK HAND CAR WASH, INC.","NORWOOD PARK HAND CAR WASH, INC.",6190 N NORTHWEST HWY,CHICAGO,IL,60631,41,16,41-16,16,1010,Limited Business License,627,Car Wash,2443237,RENEW,,12/15/2017,1/2/2018,N,2/16/2018,2/15/2020,1/2/2018,1/3/2018,AAI,,,41.99417214,-87.80233308,"(41.99417213701706, -87.80233307528341)"
2350240-20160916,2482390,392705,1,STANLEY DAVIS,STANFORD'S HAND CARWASH & TIRESHOP,4225 W CERMAK RD  A,CHICAGO,IL,60623,22,7,22-7,10,1010,Limited Business License,930 | 767,Hand Car Wash | Retail Sales of General Merchandise and Non-Perishable Food,2350240,RENEW,,7/15/2016,9/15/2016,N,9/16/2016,9/15/2018,9/15/2016,1/11/2018,AAI,,,41.85135256,-87.73066653,"(41.851352555178174, -87.73066653297863)"
2523400-20180117,2523400,3651,8,"GAS PLUS, INC.",BUDDY BEAR CAR WASH,1538 E 95TH ST,CHICAGO,IL,60619,8,12,12-Aug,4,1010,Limited Business License,627,Car Wash,2523400,ISSUE,4/10/2017,1/17/2018,1/17/2018,N,1/17/2018,8/15/2018,1/17/2018,1/17/2018,AAI,,51,41.72243948,-87.58618584,"(41.722439475880684, -87.58618583646249)"
2560673-20180118,2560673,422168,1,IMAGE CAR WASH 2 LTD.,IMAGE CAR WASH 2,2427-2429 S KEDZIE AVE 1ST,CHICAGO,IL,60623,12,57,Dec-57,10,1010,Limited Business License,930,Hand Car Wash,2560673,ISSUE,10/6/2017,1/18/2018,1/18/2018,N,1/18/2018,2/15/2020,1/18/2018,1/18/2018,AAI,,,41.84732356,-87.70497684,"(41.847323557257084, -87.70497683750223)"
2578490-20180129,2578490,424619,1,"SUDS AND BUBBLES, INC.",SUDS AND BUBBLES,1843 N MILWAUKEE AVE 1,CHICAGO,IL,60647,32,32,32-32,14,1010,Limited Business License,930 | 767,Hand Car Wash | Retail Sales of General Merchandise and Non-Perishable Food,2578490,ISSUE,1/25/2018,1/29/2018,1/29/2018,N,1/29/2018,2/15/2020,1/29/2018,1/29/2018,AAI,,33,41.91491592,-87.68424328,"(41.91491591950083, -87.68424328427916)"
2442918-20180216,2574128,403313,1,"MR KLEEN AUTO SPA, INC.",MR KLEEN AUTO SPA,3145 N CICERO AVE 1ST,CHICAGO,IL,60641,31,38,31-38,25,1010,Limited Business License,930,Hand Car Wash,2442918,RENEW,,12/15/2017,1/27/2018,N,2/16/2018,2/15/2020,1/27/2018,1/29/2018,AAI,,,41.93837078,-87.74672255,"(41.93837077998172, -87.7467225446042)"
2451504-20180316,2577756,404213,1,NINA CAR WASH LLC,NINA CAR WASH LLC,4611-4615 N PULASKI RD 1,CHICAGO,IL,60630,39,31,39-31,17,1010,Limited Business License,930,Hand Car Wash,2451504,RENEW,,1/15/2018,1/29/2018,N,3/16/2018,3/15/2020,1/29/2018,1/30/2018,AAI,,,41.96492757,-87.72778916,"(41.964927572609376, -87.72778916045893)"
2404650-20180316,2577587,398730,1,"FULLERS CARWASH LITTLE VILLAGE, INC.","FULLERS CARWASH LITTLE VILLAGE, INC.",2146 S ROCKWELL ST,CHICAGO,IL,60608,24,38,24-38,10,1010,Limited Business License,930,Hand Car Wash,2404650,RENEW,,1/15/2018,1/30/2018,N,3/16/2018,3/15/2020,1/30/2018,1/31/2018,AAI,,,41.85235348,-87.69070143,"(41.852353483380256, -87.6907014292839)"
2142606-20180316,2577287,370398,1,"BLUE MAGIC HAND CARWASH, INC.","BLUE MAGIC HAND CARWASH, INC.",3519-3521 W BELMONT AVE 1 1,CHICAGO,IL,60618,35,6,35-6,14,1010,Limited Business License,930,Hand Car Wash,2142606,RENEW,,1/15/2018,2/13/2018,N,3/16/2018,3/15/2020,2/13/2018,2/14/2018,AAI,,,41.93912564,-87.71582102,"(41.93912563522532, -87.71582101995914)"
2583431-20180226,2583431,425330,1,Noel Silva,Silva Contracting,3315 S OAKLEY AVE,CHICAGO,IL,60608,12,,12-,,4404,Regulated Business License,752 | 674 | 758 | 733 | 724,Residential Cleaning (Home Occ) | Home Repair Services (Home Occ) | Residential Remodeling and Repair (Home Occ) | Power-Washing Service (Home Occ) | Other Home Occupations,2583431,ISSUE,2/23/2018,2/23/2018,2/23/2018,N,2/26/2018,3/15/2020,2/23/2018,2/26/2018,AAI,,,41.83346295,-87.68254994,"(41.83346295204738, -87.68254993826571)"
2289794-20180316,2577004,336575,1,MEAN CLEAN HAND CAR WASH LLC,MEAN CLEAN HAND CAR WASH LLC,4209 - 4211 W LAKE ST 1ST,CHICAGO,IL,60624,28,30,28-30,11,1010,Limited Business License,627,Car Wash,2289794,RENEW,,1/15/2018,3/8/2018,N,3/16/2018,3/15/2020,3/8/2018,3/8/2018,AAI,,,41.88565741,-87.73116568,"(41.88565741343088, -87.73116567781729)"
2464504-20171116,2558532,367410,3,NANCY REYES,R & V RENTALS AND SNOW REMOVAL,5701 W 55TH ST 1ST 1N,CHICAGO,IL,60638,23,4,23-4,8,4404,Regulated Business License,812 | 733 | 656 | 690,Snow Removal Service (Home Occ) | Power-Washing Service (Home Occ) | Equipment Rental For Parties and Events (Home Occ) | Landscaping (Home Occ),2464504,RENEW,,9/15/2017,3/9/2018,N,11/16/2017,11/15/2019,3/9/2018,3/9/2018,AAI,,,41.79258336,-87.76457553,"(41.79258335791428, -87.76457553380588)"
2583109-20180309,2583109,425145,1,"PHENOMINAL AUTO SPA, INC.",PHENOMIINAL AUTO SPA,2216 S KEDZIE AVE,CHICAGO,IL,60623,12,14,14-Dec,10,1010,Limited Business License,930,Hand Car Wash,2583109,ISSUE,2/15/2018,3/9/2018,3/9/2018,N,3/9/2018,3/15/2020,3/9/2018,3/9/2018,AAI,,,41.85122134,-87.70538385,"(41.85122134411807, -87.70538384797626)"
2442705-20180316,2577657,403193,1,"NORTHSIDE AUTOMOTIVE, INC.","NORTHSIDE AUTOMOTIVE, INC.",4535-4541 N KEDZIE AVE 1ST,CHICAGO,IL,60625,33,3,33-3,17,8340,Motor Vehicle Services License,711 | 818 | 627 | 655 | 767 | 866 | 793 | 712 | 705,"Motor Vehicle Repair - Engine and Body Work | Storage or Use of Hazardous Materials (MVR) | Car Wash | Engine Repairs, Service and Installation of Transmissions, Audio and/or Alarm Systems | Retail Sales of General Merchandise and Non-Perishable Food | Window Tinting, Body Work, Painting | Sales / Rental / Lease of Motorized Vehicles | Motor Vehicle Repair - Engine and Transmission Work | Mechanic Shop, Oil Change, Tire Repair",2442705,RENEW,,1/15/2018,1/29/2018,N,3/16/2018,3/15/2020,1/29/2018,3/13/2018,AAI,,60,41.96405483,-87.70818932,"(41.96405483275474, -87.7081893219363)"
2588760-20180316,2588760,425851,1,GABRIELA NIEVES,J.Z. WINDOW CLEANING SERVICES,4931 S DAMEN AVE,CHICAGO,IL,60609,15,15,15-15,9,4404,Regulated Business License,867 | 752 | 733,"Window Washer, Vehicle Washer (Home Occ) | Residential Cleaning (Home Occ) | Power-Washing Service (Home Occ)",2588760,ISSUE,3/15/2018,3/16/2018,3/16/2018,N,3/16/2018,4/15/2020,3/16/2018,3/16/2018,AAI,,,41.80391828,-87.67442851,"(41.80391828405385, -87.67442851219363)"
2256261-20160816,2470793,3651,6,"GAS PLUS, INC.",BUDDY BEAR CAR WASH,4130 S WESTERN AVE,CHICAGO,IL,60609,12,14,14-Dec,9,1010,Limited Business License,627,Car Wash,2256261,RENEW,,6/15/2016,6/25/2016,N,8/16/2016,8/15/2018,6/25/2016,7/15/2016,AAI,,,41.81836991,-87.68484193,"(41.818369906165735, -87.6848419260623)"
2354663-20160916,2482558,393128,2,"MABUCCI, INC.",DUCKY'S,5244-5260 S ARCHER AVE 1ST,CHICAGO,IL,60632,14,41,14-41,8,1010,Limited Business License,930,Hand Car Wash,2354663,RENEW,,7/15/2016,8/16/2016,N,9/16/2016,9/15/2018,8/16/2016,8/17/2016,AAI,,,41.79975352,-87.73678782,"(41.79975351954763, -87.73678781667809)"
2321020-20160616,2462576,389507,1,CLASSIC HAND CARWASH & DETAIL CENTER INC.,CLASSIC HAND CARWASH & DETAIL CENTER INC.,2933 N ELSTON AVE,CHICAGO,IL,60618,33,7,33-7,14,1010,Limited Business License,930,Hand Car Wash,2321020,RENEW,,4/15/2016,5/12/2016,N,6/16/2016,6/15/2018,5/12/2016,5/13/2016,AAI,,,41.93481394,-87.6914349,"(41.93481393981454, -87.69143489715547)"
2452050-20160322,2452050,404463,1,"GRADE A AUTO SPA, INC.",GRADE A AUTO SPA,4724-4728 W HARRISON ST 1ST,CHICAGO,IL,60644,24,46,24-46,11,1010,Limited Business License,930,Hand Car Wash,2452050,ISSUE,3/2/2016,3/22/2016,3/22/2016,N,3/22/2016,4/15/2018,3/22/2016,3/22/2016,AAI,,,41.87329827,-87.74359723,"(41.873298266120756, -87.74359722782042)"
2446565-20160816,2470794,3651,7,"GAS PLUS, INC.",BUDDY BEAR CAR WASH,1045 W 95TH ST 1,CHICAGO,IL,60643,21,45,21-45,22,1010,Limited Business License,930,Hand Car Wash,2446565,RENEW,,6/15/2016,6/27/2016,N,8/16/2016,8/15/2018,6/27/2016,7/15/2016,AAI,,,41.72126847,-87.6498212,"(41.7212684658791, -87.6498211995016)"
2476154-20160630,2476154,407623,1,"BOSSI ROSSI, INC.",JEWEL'S AUTO SPA,1000 W 111TH ST 1ST,CHICAGO,IL,60643,34,32,34-32,22,1010,Limited Business License,930,Hand Car Wash,2476154,ISSUE,6/22/2016,6/30/2016,6/30/2016,N,6/30/2016,7/15/2018,6/30/2016,6/30/2016,AAI,,45,41.69240648,-87.64736754,"(41.69240648416843, -87.64736753606414)"
2348787-20160816,2475445,392114,1,NORTHWEST AUTO SPA HAND CAR WASH INC.,NORTHWEST AUTO SPA HAND CAR WASH INC.,5525 N NORTHWEST HWY 1ST,CHICAGO,IL,60630,45,27,45-27,16,1010,Limited Business License,930,Hand Car Wash,2348787,RENEW,,6/15/2016,6/23/2016,N,8/16/2016,8/15/2018,6/23/2016,6/24/2016,AAI,,,41.98120773,-87.7789484,"(41.98120773321421, -87.77894839487506)"
2048375-20160816,2474097,355122,1,ALLSTART CAR WASH CORP.,ALLSTART CARWASH CORP.,1843 N MILWAUKEE AVE 1,CHICAGO,IL,60647,32,52,32-52,14,1010,Limited Business License,930,Hand Car Wash,2048375,RENEW,,6/15/2016,8/3/2016,N,8/16/2016,8/15/2018,8/3/2016,8/4/2016,AAI,,33,41.91491592,-87.68424328,"(41.91491591950083, -87.68424328427916)"
2215086-20160816,2473775,337163,1,"A GOMEZ TIRES & WHEELS # 2, INC.","A GOMEZ TIRES & WHEELS # 2, INC.",5245-51 W GRAND AVE,CHICAGO,IL,60639,37,19,37-19,25,8340,Motor Vehicle Services License,627 | 712 | 779,"Car Wash | Motor Vehicle Repair - Engine and Transmission Work | Sale and Storage of Tires, 100 - 1000",2215086,RENEW,,6/15/2016,7/11/2016,N,8/16/2016,8/15/2018,7/11/2016,8/19/2016,AAI,,,41.91713303,-87.75760336,"(41.91713303101041, -87.75760335656416)"
1675162-20160616,2460962,299311,1,"DYLANS HAND CARWASH, LLC",DYLANS HAND CARWASH,5437 S WABASH AVE,CHICAGO,IL,60615,3,60,Mar-60,2,1010,Limited Business License,930,Hand Car Wash,1675162,RENEW,,4/15/2016,7/14/2016,N,6/16/2016,6/15/2018,7/14/2016,7/15/2016,AAI,,,41.79538701,-87.62395928,"(41.79538700744449, -87.62395928169266)"
1574908-20160616,2460861,286815,1,PAYLESS CAR WASH INC.,PAYLESS CAR WASH INC,1701 S STATE ST,CHICAGO,IL,60616,3,61,Mar-61,1,1010,Limited Business License,930,Hand Car Wash,1574908,RENEW,,4/15/2016,6/2/2016,N,6/16/2016,6/15/2018,6/2/2016,6/3/2016,AAI,,,41.85894524,-87.62708031,"(41.8589452402683, -87.62708031035638)"
2320530-20160416,2451116,389317,1,123 FAST LANE CAR WASH INC.,123 FAST LANE CAR WASH,4267 N ELSTON AVE 1ST,CHICAGO,IL,60618,39,28,39-28,17,1010,Limited Business License,930,Hand Car Wash,2320530,RENEW,,2/15/2016,4/4/2016,N,4/16/2016,4/15/2018,4/4/2016,4/4/2016,AAI,,,41.95868518,-87.72622198,"(41.958685175178104, -87.72622197790007)"
2340747-20160716,2468823,391336,1,"Jet Brite Car Wash, Inc.",Jet Brite Car Wash,7150 W 54TH ST 1,CHICAGO,IL,,23,,23-,,1010,Limited Business License,930,Hand Car Wash,2340747,RENEW,,5/15/2016,7/18/2016,N,7/16/2016,7/15/2018,7/18/2016,7/19/2016,AAI,,,41.79406454,-87.80109077,"(41.79406454287216, -87.80109077208164)"
2334332-20160816,2474060,354016,2,S&S MOTORS INC.,S&S  MOTORS,6553-6559 S WESTERN AVE,CHICAGO,IL,60636,16,12,16-12,8,8340,Motor Vehicle Services License,930 | 712,Hand Car Wash | Motor Vehicle Repair - Engine and Transmission Work,2334332,RENEW,,6/15/2016,8/16/2016,N,8/16/2016,8/15/2018,8/16/2016,8/17/2016,AAI,,,41.77404531,-87.6833558,"(41.77404530825817, -87.68335579944242)"
2404449-20160718,2404449,398652,1,LAKEISHA S. MATTHEWS,PEACHY CLEAN CAR WASH,5215-5217 W LAKE ST,CHICAGO,IL,60644,37,14,37-14,15,1010,Limited Business License,930,Hand Car Wash,2404449,ISSUE,5/20/2015,7/18/2016,7/18/2016,N,7/18/2016,8/15/2018,7/18/2016,7/18/2016,AAI,,,41.88712734,-87.75602674,"(41.88712733597598, -87.75602674063437)"
2354662-20160916,2482557,393128,1,"MABUCCI, INC.",DUCKY'S,2407-2431 W 23RD ST 1ST,CHICAGO,IL,60608,25,5,25-5,10,1010,Limited Business License,930,Hand Car Wash,2354662,RENEW,,7/15/2016,8/16/2016,N,9/16/2016,9/15/2018,8/16/2016,8/17/2016,AAI,,,41.85010031,-87.6859143,"(41.8501003098134, -87.6859142947569)"
2386156-20160716,2465158,8634,1,J M V CORPORATION,J M V CORP,2717 E 95TH ST,CHICAGO,IL,60617,10,13,13-Oct,4,1010,Limited Business License,930,Hand Car Wash,2386156,RENEW,,5/15/2016,7/6/2016,N,7/16/2016,7/15/2018,7/6/2016,7/7/2016,AAI,,,41.72258179,-87.55720343,"(41.72258178706282, -87.55720343148364)"
2464200-20160429,2464200,406016,1,"GRAND AUTO SPA, INC.","GRAND AUTO SPA, INC.",2427 W GRAND AVE 1ST,CHICAGO,IL,60612,27,46,27-46,12,1010,Limited Business License,930,Hand Car Wash,2464200,ISSUE,4/29/2016,4/29/2016,4/29/2016,N,4/29/2016,5/15/2018,4/29/2016,4/29/2016,AAI,,,41.89069215,-87.68784766,"(41.89069215169956, -87.68784766261791)"
2326594-20160516,2457007,389765,1,EIGHTY7TH INC.,QUALITY CAR WASH,644 E 87TH ST 1ST,CHICAGO,IL,60619,6,3,3-Jun,6,1010,Limited Business License,930,Hand Car Wash,2326594,RENEW,,3/15/2016,5/16/2016,N,5/16/2016,5/15/2018,5/16/2016,5/17/2016,AAI,,51,41.73671612,-87.60789008,"(41.73671612151011, -87.6078900772749)"
2470158-20160627,2470158,407143,1,"CHC MANAGEMENT, LLC",VIP CARWASH & DETAILING,2718 - 2720 W CHICAGO AVE 1ST,CHICAGO,IL,60622,26,53,26-53,12,1010,Limited Business License,930,Hand Car Wash,2470158,ISSUE,6/6/2016,6/27/2016,6/27/2016,N,6/27/2016,7/15/2018,6/27/2016,6/27/2016,AAI,,,41.89577187,-87.69492304,"(41.89577186675888, -87.69492304244947)"
2177420-20160816,2474803,374253,1,FERRARI KI SAWAARI INC.,SNAPPY HAND CAR WASH,5961 N RIDGE AVE 1ST,CHICAGO,IL,60660,40,22,40-22,20,1010,Limited Business License,930,Hand Car Wash,2177420,RENEW,,6/15/2016,7/20/2016,N,8/16/2016,8/15/2018,7/20/2016,7/21/2016,AAI,,,41.99013026,-87.67059205,"(41.99013026422491, -87.67059205397483)"
83386-20160616,2459827,50056,1,"STRICTLY BY HAND CAR WASH & DETAIL CENTER, LTD.",STRICTLY BY HAND,2009 S WABASH AVE 1ST,CHICAGO,IL,60616,3,61,Mar-61,1,1010,Limited Business License,930,Hand Car Wash,83386,RENEW,,4/15/2016,5/5/2016,N,6/16/2016,6/15/2018,5/5/2016,5/6/2016,AAI,,,41.85518188,-87.62540566,"(41.85518187702728, -87.62540565730592)"
2484009-20160811,2484009,408984,1,"MANNY'S HAND CAR WASH, INC.",MANNY'S HAND CAR WASH,5047-5049 W BELMONT AVE 1ST,CHICAGO,IL,60641,31,9,31-9,25,1010,Limited Business License,930,Hand Car Wash,2484009,ISSUE,8/10/2016,8/11/2016,8/11/2016,N,8/11/2016,8/15/2018,8/11/2016,8/11/2016,AAI,,,41.93863094,-87.75366077,"(41.938630938105995, -87.75366076590986)"
2457895-20160405,2457895,404957,1,"MR FROG CAR WASH, INC.","MR FROG CAR WASH, INC.",3462 N PULASKI RD 1,CHICAGO,IL,60641,30,38,30-38,17,1010,Limited Business License,930,Hand Car Wash,2457895,ISSUE,3/25/2016,4/5/2016,4/5/2016,N,4/5/2016,4/15/2018,4/5/2016,4/5/2016,AAI,,,41.94452828,-87.72749059,"(41.94452827694661, -87.7274905885469)"
2321261-20160416,2451251,389618,1,PRODUCTIVE WORK INC,PRODUCTIVE WORK INC,3950 N LAKE SHORE DR 18TH 1809,CHICAGO,IL,60613,46,30,46-30,19,4404,Regulated Business License,867,"Window Washer, Vehicle Washer (Home Occ)",2321261,RENEW,,2/15/2016,4/26/2016,N,4/16/2016,4/15/2018,4/26/2016,4/27/2016,AAI,,,41.95434472,-87.64534962,"(41.95434471865204, -87.6453496205995)"
2354667-20160916,2482559,393128,4,"MABUCCI, INC.","MABUCCI, INC.",4347-4357 W 31ST ST 1ST,CHICAGO,IL,60623,22,16,22-16,10,1010,Limited Business License,930,Hand Car Wash,2354667,RENEW,,7/15/2016,8/16/2016,N,9/16/2016,9/15/2018,8/16/2016,8/17/2016,AAI,,,41.83666932,-87.73350448,"(41.83666932315718, -87.73350448102063)"
2432607-20160330,2432607,402263,1,FLORENTINO SANCHEZ SERNA,BLUE MAGIC HAND CARWASH,3519-3521 W BELMONT AVE 1ST,CHICAGO,IL,60618,35,6,35-6,14,1010,Limited Business License,930 | 748,Hand Car Wash | Rental of General Merchandise,2432607,ISSUE,11/2/2015,3/30/2016,3/30/2016,N,3/30/2016,4/15/2018,3/30/2016,3/30/2016,AAI,,,41.93912564,-87.71582102,"(41.93912563522532, -87.71582101995914)"
